1.implicit join syntax
mysql> select * from customers c,orders o
    -> where c.customer_id=o.order_id;
+-------------+------------+------------+------------+--------------+------------------------+------------------+-------+--------+----------+-------------+------------+--------+-----------------------------------------------------------------------+--------------+------------+
| customer_id | first_name | last_name  | birth_date | phone        | address                | city             | state | points | order_id | customer_id | order_date | status | comments                                                              | shipped_date | shipper_id |
+-------------+------------+------------+------------+--------------+------------------------+------------------+-------+--------+----------+-------------+------------+--------+-----------------------------------------------------------------------+--------------+------------+
|           1 | Babara     | MacCaffrey | 1986-03-28 | 781-932-9754 | 0 Sage Terrace         | Waltham          | MA    |   2273 |        1 |           6 | 2019-01-30 |      1 | NULL                                                                  | NULL         |       NULL |
|           2 | Ines       | Brushfield | 1986-04-13 | 804-427-9456 | 14187 Commercial Trail | Hampton          | VA    |    947 |        2 |           7 | 2018-08-02 |      2 | NULL                                                                  | 2018-08-03   |          4 |
|           3 | Freddi     | Boagey     | 1985-02-07 | 719-724-7869 | 251 Springs Junction   | Colorado Springs | CO    |   2967 |        3 |           8 | 2017-12-01 |      1 | NULL                                                                  | NULL         |       NULL |
|           4 | Ambur      | Roseburgh  | 1974-04-14 | 407-231-8017 | 30 Arapahoe Terrace    | Orlando          | FL    |    457 |        4 |           2 | 2017-01-22 |      1 | NULL                                                                  | NULL         |       NULL |
|           5 | Clemmie    | Betchley   | 1973-11-07 | NULL         | 5 Spohn Circle         | Arlington        | TX    |   3675 |        5 |           5 | 2017-08-25 |      2 |                                                                       | 2017-08-26   |          3 |
|           6 | Elka       | Twiddell   | 1991-09-04 | 312-480-8498 | 7 Manley Drive         | Chicago          | IL    |   3073 |        6 |          10 | 2018-11-18 |      1 | Aliquam erat volutpat. In congue.                                     | NULL         |       NULL |
|           7 | Ilene      | Dowson     | 1964-08-30 | 615-641-4759 | 50 Lillian Crossing    | Nashville        | TN    |   1672 |        7 |           2 | 2018-09-22 |      2 | NULL                                                                  | 2018-09-23   |          4 |
|           8 | Thacher    | Naseby     | 1993-07-17 | 941-527-3977 | 538 Mosinee Center     | Sarasota         | FL    |    205 |        8 |           5 | 2018-06-08 |      1 | Mauris enim leo, rhoncus sed, vestibulum sit amet, cursus id, turpis. | NULL         |       NULL |
|           9 | Romola     | Rumgay     | 1992-05-23 | 559-181-3744 | 3520 Ohio Trail        | Visalia          | CA    |   1486 |        9 |          10 | 2017-07-05 |      2 | Nulla mollis molestie lorem. Quisque ut erat.                         | 2017-07-06   |          1 |
|          10 | Levy       | Mynett     | 1969-10-13 | 404-246-3370 | 68 Lawn Avenue         | Atlanta          | GA    |    796 |       10 |           6 | 2018-04-22 |      2 | NULL                                                                  | 2018-04-23   |          2 |
+-------------+------------+------------+------------+--------------+------------------------+------------------+-------+--------+----------+-------------+------------+--------+-----------------------------------------------------------------------+--------------+------------+
10 rows in set (0.00 sec)



2.outer join:
mysql> select c.customer_id,c.first_name,o.order_id from customers c right join orders o on o.order_id=c.customer_id order by order_id;
+-------------+------------+----------+
| customer_id | first_name | order_id |
+-------------+------------+----------+
|           1 | Babara     |        1 |
|           2 | Ines       |        2 |
|           3 | Freddi     |        3 |
|           4 | Ambur      |        4 |
|           5 | Clemmie    |        5 |
|           6 | Elka       |        6 |
|           7 | Ilene      |        7 |
|           8 | Thacher    |        8 |
|           9 | Romola     |        9 |
|          10 | Levy       |       10 |
+-------------+------------+----------+
10 rows in set (0.00 sec)



3.outer join on mutiple tables:
mysql> select c.first_name,c.address,o.order_id,o.status,p.name,p.unit_price from customers c left join orders o on c.customer_id=o.order_id
    -> left join products p on o.order_id=p.product_id;
+------------+------------------------+----------+--------+------------------------------+------------+
| first_name | address                | order_id | status | name                         | unit_price |
+------------+------------------------+----------+--------+------------------------------+------------+
| Babara     | 0 Sage Terrace         |        1 |      1 | Foam Dinner Plate            |       1.21 |
| Ines       | 14187 Commercial Trail |        2 |      2 | Pork - Bacon,back Peameal    |       4.65 |
| Freddi     | 251 Springs Junction   |        3 |      1 | Lettuce - Romaine, Heart     |       3.35 |
| Ambur      | 30 Arapahoe Terrace    |        4 |      1 | Brocolinni - Gaylan, Chinese |       4.53 |
| Clemmie    | 5 Spohn Circle         |        5 |      2 | Sauce - Ranch Dressing       |       1.63 |
| Elka       | 7 Manley Drive         |        6 |      1 | Petit Baguette               |       2.39 |
| Ilene      | 50 Lillian Crossing    |        7 |      2 | Sweet Pea Sprouts            |       3.29 |
| Thacher    | 538 Mosinee Center     |        8 |      1 | Island Oasis - Raspberry     |       0.74 |
| Romola     | 3520 Ohio Trail        |        9 |      2 | Longan                       |       2.26 |
| Levy       | 68 Lawn Avenue         |       10 |      2 | Broom - Push                 |       1.09 |
+------------+------------------------+----------+--------+------------------------------+------------+
10 rows in set (0.00 sec)



4.self outer join:
mysql> select e.first_name,e.last_name,e.job_title,e.salary from employees e left join employees  em on e.employee_id=em.office_id;
+------------+------------+-----------------------------+--------+
| first_name | last_name  | job_title                   | salary |
+------------+------------+-----------------------------+--------+
| D'arcy     | Nortunen   | Account Executive           |  62871 |
| Yovonnda   | Magrannell | Executive Secretary         |  63996 |
| Sayer      | Matterson  | Statistician III            |  98926 |
| Mindy      | Crissil    | Staff Scientist             |  94860 |
| Keriann    | Alloisi    | VP Marketing                | 110150 |
| Alaster    | Scutchin   | Assistant Professor         |  32179 |
| North      | de Clerc   | VP Product Management       | 114257 |
| Elladine   | Rising     | Social Worker               |  96767 |
| Nisse      | Voysey     | Financial Advisor           |  52832 |
| Guthrey    | Iacopetti  | Office Assistant I          | 117690 |
| Kass       | Hefferan   | Computer Systems Analyst IV |  96401 |
| Virge      | Goodrum    | Information Systems Manager |  54578 |
| Mirilla    | Janowski   | Cost Accountant             | 119241 |
| Lynde      | Aronson    | Junior Executive            |  77182 |
| Mildrid    | Sokale     | Geologist II                |  67987 |
| Hazel      | Tarbert    | General Manager             |  93760 |
| Cole       | Kesterton  | Pharmacist                  |  86119 |
| Theresa    | Binney     | Food Chemist                |  47354 |
| Estrellita | Daleman    | Staff Accountant IV         |  70187 |
| Ivy        | Fearey     | Structural Engineer         |  92710 |
+------------+------------+-----------------------------+--------+
20 rows in set (0.00 sec)



5.natural joins:
mysql> select c.first_name,c.last_name,c.address from customers c natural join orders;
+------------+------------+------------------------+
| first_name | last_name  | address                |
+------------+------------+------------------------+
| Ines       | Brushfield | 14187 Commercial Trail |
| Ines       | Brushfield | 14187 Commercial Trail |
| Clemmie    | Betchley   | 5 Spohn Circle         |
| Clemmie    | Betchley   | 5 Spohn Circle         |
| Elka       | Twiddell   | 7 Manley Drive         |
| Elka       | Twiddell   | 7 Manley Drive         |
| Ilene      | Dowson     | 50 Lillian Crossing    |
| Thacher    | Naseby     | 538 Mosinee Center     |
| Levy       | Mynett     | 68 Lawn Avenue         |
| Levy       | Mynett     | 68 Lawn Avenue         |
+------------+------------+------------------------+
10 rows in set (0.00 sec)



6.cross join:
mysql> select c.first_name,c.last_name,c.address,o.status,o.order_date from customers c cross join orders o limit 10;
+------------+------------+------------------------+--------+------------+
| first_name | last_name  | address                | status | order_date |
+------------+------------+------------------------+--------+------------+
| Levy       | Mynett     | 68 Lawn Avenue         |      1 | 2019-01-30 |
| Romola     | Rumgay     | 3520 Ohio Trail        |      1 | 2019-01-30 |
| Thacher    | Naseby     | 538 Mosinee Center     |      1 | 2019-01-30 |
| Ilene      | Dowson     | 50 Lillian Crossing    |      1 | 2019-01-30 |
| Elka       | Twiddell   | 7 Manley Drive         |      1 | 2019-01-30 |
| Clemmie    | Betchley   | 5 Spohn Circle         |      1 | 2019-01-30 |
| Ambur      | Roseburgh  | 30 Arapahoe Terrace    |      1 | 2019-01-30 |
| Freddi     | Boagey     | 251 Springs Junction   |      1 | 2019-01-30 |
| Ines       | Brushfield | 14187 Commercial Trail |      1 | 2019-01-30 |
| Babara     | MacCaffrey | 0 Sage Terrace         |      1 | 2019-01-30 |
+------------+------------+------------------------+--------+------------+
10 rows in set (0.00 sec)



7.unions
mysql> select name,address from clients union select first_name,address from sql_store.customers;
+-------------+--------------------------+
| name        | address                  |
+-------------+--------------------------+
| Vinte       | 3 Nevada Parkway         |
| Myworks     | 34267 Glendale Parkway   |
| Yadel       | 096 Pawling Parkway      |
| Kwideo      | 81674 Westerfield Circle |
| Topiclounge | 0863 Farmco Road         |
| Babara      | 0 Sage Terrace           |
| Ines        | 14187 Commercial Trail   |
| Freddi      | 251 Springs Junction     |
| Ambur       | 30 Arapahoe Terrace      |
| Clemmie     | 5 Spohn Circle           |
| Elka        | 7 Manley Drive           |
| Ilene       | 50 Lillian Crossing      |
| Thacher     | 538 Mosinee Center       |
| Romola      | 3520 Ohio Trail          |
| Levy        | 68 Lawn Avenue           |
+-------------+--------------------------+
15 rows in set (0.00 sec)